t_ms,seg,pitch_x10,duty,wheel_mean
1,0,0,0,0
20,0,0,0,0
40,0,0,0,0
60,0,0,-1,0
80,0,0,-1,0
100,0,0,-1,0
120,0,0,-1,0
140,0,0,0,0
160,0,0,0,0
180,0,0,0,0
200,0,0,0,0
220,0,0,0,0
240,0,0,1,0
260,0,0,2,0
280,0,1,2,0
300,0,1,2,0
320,0,1,2,0
340,0,1,1,0
360,0,1,1,0
380,0,1,1,0
400,0,1,1,0
420,0,1,1,0
440,0,0,0,0
460,0,0,-1,0
480,0,0,-4,0
500,0,-2,-8,0
520,0,-4,-12,0
540,0,-7,-17,0
561,0,-10,-21,0
581,0,-12,-25,-1
600,0,-10,-19,-2
621,0,-2,-1,-5
640,0,2,-2,-7
661,0,-4,-35,-7
680,0,-13,-40,-7
700,0,-6,-22,-10
720,0,20,40,-15
740,0,33,40,-17
760,0,6,-40,-15
780,0,-19,-40,-13
800,0,2,2,-16
820,0,35,40,-21
840,0,31,27,-21
860,0,-1,-40,-17
880,0,-15,-40,-17
900,0,14,35,-21
920,0,40,40,-25
940,0,18,-16,-23
960,0,-19,-40,-18
980,0,-17,-40,-19
1000,0,13,40,-23
1020,0,29,40,-26
1040,0,3,-40,-23
1060,0,-26,-40,-19
1082,0,-14,-35,-22
1100,0,18,40,-28
1120,0,24,37,-28
1140,0,-10,-40,-25
1160,0,-26,-40,-25
1180,0,0,2,-28
1200,0,25,40,-33
1220,0,16,-9,-33
1240,0,-19,-40,-29
1260,0,-25,-40,-31
1280,0,6,17,-36
1300,0,24,40,-40
1320,0,3,-40,-38
1341,0,-27,-40,-36
1360,0,-20,-40,-39
1380,0,10,17,-43
1400,0,23,27,-48
1420,0,2,-40,-47
1440,0,-15,-40,-47
1460,0,2,-33,-51
1480,0,30,27,-59
1500,0,35,7,-61
1520,0,11,-40,-60
1540,0,0,-40,-61
1560,0,27,-1,-66
1580,0,51,40,-73
1600,0,44,-8,-72
1620,0,15,-40,-69
1640,0,10,-40,-70
1660,0,39,35,-75
1680,0,60,40,-78
1700,0,41,-18,-77
1720,0,15,-40,-73
1741,0,24,-19,-76
1760,0,58,40,-80
1780,0,66,40,-80
1800,0,36,-36,-77
1820,0,18,-40,-74
1840,0,43,40,-76
1860,0,73,40,-77
1880,0,58,38,-75
1900,0,27,-40,-69
1920,0,27,0,-68
1940,0,60,40,-70
1960,0,72,40,-69
1980,0,47,24,-64
2000,0,28,-10,-57
2020,0,32,38,-55
2040,0,50,40,-55
2060,0,51,40,-51
2080,0,25,7,-45
2100,0,5,-13,-39
2120,0,17,40,-38
2140,0,35,40,-39
2162,0,25,40,-36
2180,0,1,-10,-28
2200,0,-9,-20,-25
2220,0,3,36,-26
2240,0,13,40,-27
2260,0,-1,-4,-24
2280,0,-24,-40,-20
2300,0,-24,-40,-21
2320,0,-4,15,-25
2340,0,8,23,-29
2360,0,-5,-40,-29
2380,0,-23,-40,-29
2400,0,-13,-40,-32
2420,0,12,9,-39
2440,0,26,15,-43
2460,0,10,-40,-43
2480,0,-9,-40,-44
2500,1,4,-31,-47
2520,1,31,40,-54
2540,1,35,-8,-56
2560,1,4,-40,-54
2580,1,-8,-40,-56
2600,1,24,40,-61
2620,1,44,40,-64
2640,1,12,-40,-63
2660,1,-17,-40,-62
2680,1,6,11,-66
2700,1,36,40,-71
2720,1,18,-40,-70
2740,1,-20,-40,-68
2760,1,-15,-40,-71
2780,1,18,40,-77
2800,1,22,-16,-77
2820,1,-17,-40,-75
2840,1,-30,-40,-77
2860,1,4,31,-82
2880,1,24,34,-85
2901,1,0,-40,-85
2921,1,-29,-40,-85
2940,1,-9,-29,-89
2961,1,22,34,-96
2980,1,21,-40,-96
3000,1,-12,-40,-96
3020,1,-16,-40,-99
3041,1,15,13,-105
3060,1,32,10,-109
3080,1,16,-40,-110
3100,1,-11,-40,-110
3120,1,2,-40,-114
3140,1,35,33,-121
3160,1,41,-23,-124
3180,1,9,-40,-123
3200,1,-4,-40,-125
3220,1,26,15,-130
3240,1,52,37,-135
3260,1,31,-40,-135
3280,1,-2,-40,-134
3300,1,17,-22,-138
3320,1,54,40,-145
3340,1,46,-40,-145
3360,1,8,-40,-143
3380,1,16,-40,-146
3400,1,56,40,-152
3420,1,61,-9,-153
3440,1,26,-40,-150
3460,1,20,-40,-153
3482,1,59,40,-158
3500,1,78,40,-160
3520,1,48,-40,-158
3540,1,32,-40,-158
3560,1,66,40,-162
3580,1,96,40,-165
3600,1,73,-40,-163
3620,1,48,-40,-160
3640,1,75,40,-163
3660,1,115,40,-166
3680,1,104,31,-163
3700,1,78,-40,-158
3720,1,90,40,-158
3740,1,126,40,-159
3760,1,131,40,-157
3780,1,108,37,-150
3801,1,102,40,-143
3820,1,105,40,-138
3840,1,100,40,-132
3860,1,88,40,-124
3880,1,79,40,-116
3900,1,73,40,-108
3920,1,69,40,-100
3940,1,63,40,-90
3960,1,56,40,-81
3980,1,53,40,-72
4000,1,50,40,-62
4020,1,46,40,-53
4040,1,42,40,-43
4060,1,41,40,-34
4080,1,40,40,-24
4100,1,38,40,-16
4120,1,38,40,-7
4140,1,38,40,3
4160,1,39,40,11
4180,1,39,40,20
4200,1,41,40,29
4220,1,43,40,37
4240,1,44,40,46
4260,1,46,40,54
4280,1,49,40,63
4300,1,53,40,73
4320,1,58,40,81
4340,1,64,40,90
4361,1,72,40,99
4380,1,81,40,108
4400,1,91,40,117
4420,1,103,40,126
4440,1,116,40,135
4460,1,134,40,143
4480,1,155,40,151
4500,1,178,40,160
4521,1,207,40,168
4540,1,238,40,175
4560,1,282,40,183
4580,1,333,40,190
4600,1,378,40,197
4620,1,432,40,203
