t_ms,seg,pitch_x10,duty,wheel_mean,wheel_diff
2,0,0,0,0,0
21,0,0,0,0,0
41,0,0,1,0,0
61,0,0,1,0,0
81,0,0,1,0,0
101,0,0,1,0,0
121,0,0,0,0,0
141,0,0,0,0,0
161,0,0,0,0,0
181,0,0,0,0,0
201,0,0,0,0,0
221,0,0,0,0,0
241,0,0,0,0,0
261,0,0,0,0,-1
281,0,0,-1,0,0
301,0,0,-2,0,0
321,0,0,-2,0,0
341,0,-1,-2,0,0
361,0,-1,-3,0,0
381,0,-1,-3,0,0
401,0,-2,-3,0,0
421,0,-2,-4,0,0
441,0,-3,-5,0,0
461,0,-3,-4,0,0
481,0,-3,-4,0,0
501,0,-2,0,0,0
521,0,-1,2,0,0
541,0,0,6,0,0
561,0,3,10,0,0
581,0,5,17,0,-1
601,0,5,14,1,-1
621,0,0,0,4,-2
641,0,-5,4,6,-1
661,0,2,37,7,0
681,0,11,40,8,0
701,0,0,15,12,1
721,0,-29,-40,19,3
741,0,-34,-15,21,2
761,0,9,40,18,2
781,0,30,40,18,3
801,0,-1,5,23,2
821,0,-26,-34,31,2
841,0,-6,40,31,1
861,0,31,40,30,3
881,0,25,40,34,4
901,0,-4,24,42,2
921,0,-12,31,50,2
941,0,-14,40,56,1
961,0,-29,40,65,-2
981,0,-57,5,75,-6
1001,0,-90,-40,83,-11
1021,0,-97,-22,85,-11
1041,0,-70,40,83,-10
1061,0,-51,40,81,-9
1081,0,-67,-19,86,-11
1101,0,-106,-40,92,-14
1121,0,-113,-40,90,-14
1141,0,-90,-35,84,-14
1161,0,-62,23,77,-15
1181,0,-43,8,73,-16
1201,0,-70,-40,73,-16
1221,0,-99,-40,72,-16
1241,0,-90,-40,66,-18
1261,0,-69,-40,58,-18
1281,0,-49,-38,48,-17
1301,0,-27,-32,38,-16
1321,0,3,-10,27,-15
1341,0,27,-1,17,-14
1361,0,37,-25,11,-13
1381,0,33,-40,7,-11
1401,0,44,-18,0,-11
1421,0,87,40,-8,-10
1441,0,103,40,-9,-9
1461,0,62,-37,-5,-8
1481,0,40,-40,-2,-7
1501,0,75,40,-6,-6
1521,0,106,40,-8,-4
1542,0,81,40,-5,-6
1561,0,57,38,3,-3
1581,0,56,40,9,-3
1601,0,39,40,17,-4
1621,0,13,40,26,-5
1641,0,-2,40,36,-7
1661,0,-18,40,47,-8
1681,0,-40,40,58,-10
1701,0,-70,-3,68,-13
1721,0,-108,-40,77,-13
1741,0,-116,-32,78,-10
1761,0,-77,40,76,-10
1781,0,-54,40,75,-11
1801,0,-86,-40,80,-10
1821,0,-125,-40,85,-10
1841,0,-108,-40,83,-10
1861,0,-68,39,77,-9
1881,0,-52,37,75,-8
1901,0,-80,-40,77,-7
1921,0,-111,-40,79,-7
1941,0,-84,-40,76,-7
1961,0,-46,40,69,-7
1981,0,-39,10,67,-6
2001,0,-74,-40,70,-5
2021,0,-91,-40,69,-5
2041,0,-55,-5,65,-6
2061,0,-19,40,57,-5
2081,0,-27,-16,57,-5
2101,0,-66,-40,62,-6
2121,0,-69,-40,58,-7
2141,0,-30,16,52,-5
2161,0,-5,40,46,-5
2181,0,-24,-40,47,-4
2201,0,-58,-40,50,-4
2221,0,-49,-40,45,-3
2241,0,-8,40,38,-5
2261,0,8,40,35,-4
2281,0,-23,-40,36,-3
2301,0,-46,-40,37,-4
2321,0,-15,-4,33,-2
2341,0,21,40,25,-3
2361,0,17,25,24,-3
2381,0,-16,-40,28,-3
2401,0,-23,-40,28,0
2421,0,15,40,23,0
2441,0,42,40,18,-2
2461,0,16,-5,20,-1
2481,0,-11,-40,25,0
2501,1,3,9,23,0
2521,1,40,40,18,-1
2541,1,42,40,20,-2
2561,1,5,-24,26,-3
2581,1,-10,-34,30,-2
2601,1,19,40,28,-2
2621,1,45,40,27,-2
2641,1,22,40,31,-2
2661,1,-3,-5,39,-4
2681,1,-8,8,42,-5
2701,1,5,40,43,-6
2721,1,10,40,46,-6
2741,1,-14,25,52,-7
2761,1,-35,-15,60,-11
2781,1,-45,-4,63,-13
2801,1,-30,40,64,-14
2821,1,-21,40,64,-13
2841,1,-45,-14,71,-15
2861,1,-76,-40,77,-14
2881,1,-71,-25,74,-15
2901,1,-29,40,70,-14
2921,1,-16,40,71,-14
2941,1,-52,-40,76,-14
2961,1,-81,-40,80,-16
2981,1,-58,1,78,-16
3001,1,-20,40,73,-16
3021,1,-22,36,74,-14
3041,1,-59,-40,78,-15
3061,1,-74,-40,79,-15
3081,1,-33,40,75,-17
3101,1,-1,40,71,-16
3121,1,-26,-14,73,-16
3141,1,-61,-40,79,-16
3161,1,-49,-25,76,-15
3183,1,-4,40,71,-17
3201,1,4,40,70,-17
3221,1,-31,-40,74,-17
3241,1,-54,-40,79,-16
3261,1,-23,40,75,-17
3281,1,12,40,71,-17
3301,1,-4,33,74,-16
3321,1,-41,-40,81,-17
3341,1,-47,-39,81,-17
3361,1,-5,40,78,-16
3381,1,15,40,76,-15
3401,1,-18,-5,81,-16
3421,1,-50,-40,87,-15
3441,1,-33,24,86,-16
3461,1,10,40,82,-16
3481,1,11,40,84,-14
3501,1,-29,-35,91,-14
3521,1,-49,-40,94,-15
3541,1,-10,40,92,-15
3561,1,24,40,90,-15
3581,1,-3,40,95,-15
3601,1,-37,-35,104,-18
3621,1,-41,1,105,-17
3641,1,-4,40,104,-17
3661,1,12,40,107,-14
3681,1,-22,24,113,-15
3701,1,-51,-26,122,-14
3721,1,-50,27,124,-14
3741,1,-18,40,124,-14
3761,1,-6,40,128,-12
3781,1,-36,33,134,-16
3801,1,-66,-21,144,-14
3821,1,-70,19,147,-13
3841,1,-38,40,147,-13
3861,1,-25,40,150,-12
3881,1,-58,20,157,-13
3901,1,-91,-40,166,-12
3921,1,-86,16,167,-10
3941,1,-45,40,165,-9
3961,1,-32,40,169,-8
3981,1,-66,17,176,-8
4001,1,-91,-32,185,-8
4021,1,-90,14,186,-6
4041,1,-59,40,185,-4
4061,1,-52,40,188,-3
4081,1,-88,-11,195,-2
4101,1,-120,-40,203,0
4121,1,-111,0,202,-1
4141,1,-77,40,200,-1
4161,1,-67,40,201,1
4181,1,-107,-40,208,2
4201,1,-141,-40,213,0
4221,1,-124,-17,211,0
4241,1,-89,40,206,0
4261,1,-85,37,206,2
4281,1,-127,-40,211,3
4301,1,-154,-40,212,1
4321,1,-123,-22,208,1
4341,1,-95,35,201,0
4361,1,-101,-31,200,0
4381,1,-141,-40,202,-1
4401,1,-150,-40,198,-3
4421,1,-124,-40,191,-5
4441,1,-105,-38,183,-6
4461,1,-100,-40,173,-9
4481,1,-80,-40,164,-12
4501,1,-46,-14,155,-8
4521,1,-22,-10,144,-10
4541,1,-16,-40,136,-13
4561,1,-16,-40,130,-12
4581,1,5,-8,120,-12
4601,1,39,40,110,-12
4621,1,48,40,107,-12
4641,1,0,-40,109,-15
4661,1,-34,-40,110,-13
4681,1,-3,24,106,-13
4701,1,32,40,100,-12
4721,1,7,9,101,-14
4741,1,-38,-40,106,-16
4761,1,-42,-40,104,-16
4781,1,0,40,98,-15
4801,1,14,40,96,-15
4821,1,-29,-40,100,-16
4841,1,-63,-40,102,-16
4861,1,-34,12,99,-15
4881,1,6,40,93,-15
4901,1,-5,33,95,-15
4921,1,-57,-40,101,-15
4941,1,-67,-40,100,-14
4962,1,-20,40,96,-14
4981,1,5,40,93,-13
5001,2,-30,-30,97,-14
5021,2,-68,-40,102,-14
5041,2,-54,-20,99,-13
5061,2,-8,40,94,-13
5081,2,-1,40,95,-14
5101,2,-44,-40,100,-13
5121,2,-70,-40,102,-14
5141,2,-34,40,99,-12
5161,2,4,40,96,-10
5181,2,-9,40,97,-9
5201,2,-56,-40,104,-10
5221,2,-64,-40,104,-8
5241,2,-17,40,101,-7
5261,2,10,40,98,-5
5281,2,-24,-3,101,-5
5301,2,-60,-40,108,-5
5321,2,-48,0,107,-4
5341,2,-1,40,102,-5
5361,2,8,40,103,-3
5381,2,-32,-22,108,-5
5401,2,-60,-40,115,-4
5421,2,-34,40,113,-2
5441,2,10,40,109,0
5461,2,2,40,112,0
5481,2,-44,-40,119,-1
5501,2,-59,-40,123,0
5521,2,-15,40,120,0
5541,2,15,40,118,1
5561,2,-15,40,122,1
5581,2,-47,-33,131,-1
5601,2,-47,8,133,0
5621,2,-17,40,131,-2
5641,2,-11,40,133,-1
5661,2,-47,-3,140,-4
5681,2,-74,-40,146,-6
5701,2,-65,14,145,-7
5721,2,-37,40,142,-7
5741,2,-37,40,144,-6
5761,2,-77,-40,150,-9
5781,2,-97,-40,152,-8
5801,2,-68,29,148,-10
5821,2,-40,40,144,-10
5841,2,-62,-22,146,-9
5861,2,-107,-40,152,-12
5881,2,-110,-40,150,-12
5901,2,-81,-3,144,-11
5921,2,-62,27,137,-15
5941,2,-72,-40,137,-16
5961,2,-104,-40,138,-16
5981,2,-105,-40,133,-17
6001,2,-72,-20,126,-15
6021,2,-47,19,118,-16
6041,2,-45,-32,114,-17
6061,2,-73,-40,114,-17
6081,2,-86,-40,110,-16
6101,2,-53,-29,103,-16
6121,2,-21,32,93,-17
6141,2,-23,-26,90,-17
6161,2,-59,-40,92,-18
6181,2,-73,-40,88,-16
6201,2,-37,-15,81,-16
6221,2,-9,32,72,-17
6241,2,-17,-37,70,-17
6261,2,-53,-40,71,-17
6281,2,-54,-40,67,-18
6301,2,-16,14,60,-19
6321,2,8,40,52,-17
6341,2,-15,-40,52,-17
6361,2,-51,-40,54,-20
6381,2,-37,-40,49,-20
6401,2,1,36,41,-20
6421,2,13,34,37,-18
6441,2,-20,-40,38,-17
6461,2,-46,-40,39,-18
6481,2,-16,-8,34,-18
6501,2,19,40,26,-18
6521,2,12,5,26,-17
6541,2,-26,-40,30,-17
6561,2,-29,-40,28,-16
6581,2,12,40,22,-15
6601,2,36,40,18,-15
6621,2,4,-39,21,-15
6641,2,-25,-40,24,-15
6661,2,2,27,21,-14
6681,2,45,40,15,-13
6701,2,32,40,17,-14
6721,2,-3,-40,23,-14
6741,2,-5,-14,24,-11
6761,2,36,40,20,-11
6781,2,53,40,20,-9
6801,2,22,24,25,-9
6821,2,2,-7,33,-6
6841,2,7,40,36,-6
6861,2,25,40,37,-5
6881,2,18,40,43,-4
6901,2,-11,18,51,-5
6921,2,-29,8,60,-7
6941,2,-34,37,66,-9
6961,2,-34,40,71,-10
6981,2,-48,40,79,-10
7001,2,-77,-24,88,-14
7021,2,-107,-40,93,-15
7041,2,-100,-15,91,-16
7061,2,-68,40,86,-15
7081,2,-55,40,86,-14
7101,2,-82,-40,91,-18
7121,2,-118,-40,92,-17
7141,2,-113,-40,88,-19
7161,2,-89,-39,81,-19
7181,2,-65,-7,72,-21
7201,2,-44,-13,65,-21
7221,2,-33,-40,59,-19
7241,2,-27,-40,54,-22
7261,2,1,0,43,-19
7281,2,40,40,36,-20
7301,2,41,9,35,-16
7321,2,0,-40,38,-16
7341,2,-4,-40,36,-15
7361,2,39,40,31,-15
7381,2,60,40,27,-15
7401,2,23,-19,30,-15
7421,2,-3,-40,35,-15
7441,2,24,40,34,-14
7461,2,64,40,29,-13
7483,2,46,40,32,-13
